Channel,Cost_USD,Revenue_USD,Clicks,Leads,Conversions,CPC,CPL,ROAS,Conversion_Rate
Display,5343184.3,10715125.21,16860249,5104763,2057607,0.3169101654429896,1.0467056550911373,2.0053819236592685,12.20389449764354
Email,5065029.98,10130542.61,17125101,5182690,2076423,0.2957664296403274,0.9772974999469388,2.0000952906501848,12.125026299114966
Influencer,5278787.92,10558118.99,17509829,5257189,2101198,0.30147569802080876,1.0041084541567746,2.0001028929383473,12.00010576916542
Search,4916568.46,9897677.79,15932394,4843190,1951752,0.3085894348332084,1.0151508530534628,2.013127218816353,12.250211738424245
Social,4919999.25,9725024.7,15962360,4736804,1920020,0.3082250525611501,1.0386748638955718,1.9766313379011184,12.028421862431369
